gel,1
train,1
sport,1
rich,1
eel,1
fans,1
dome,1
tall,1
better,1
hit,1
peanut,1
cake,1
bite,1
noon,1
gummy,1
sting,1
ray,1
dusk,1
mops,1
thanks,1
dash,1
skin,1
star,1
began,1
grew,1
fine,1
day,1
upset,1
father,1
jam,1
mugs,1
fair,1
dinner,1
rats,1
fed,1
sir,1
boom,1
wave,1
trunk,1
sleepy,1
full,1
huge,1
born,1
jumping,1
damp,1
from,1
hunch,1
each,1
shade,1
ribs,1
forever,1
freeze,1
scorch,1
motor,1
talking,1
money,1
couch,1
nibble,1
strands,1
chapter,1
chess,1
slimy,1
squeak,1
friend,1
laptop,1
movie,1
known,1
suffer,1
double,1
watch,1
ahoy,1
dream,1
whine,1
beans,1
child,1
space,1
princess,1
piper,1
hear,1
sprint,1
awe,1
afar,1
bowl,1
sweat,1
cost,1
sleek,1
bottle,1
smart,1
stared,1
plopped,1
darted,1
angry,1
sidekick,1
stuff,1
least,1
little,1
felt,1
summer,1
carefully,1
would,1
shambles,1
taillight,1
quicken,1
presence,1
sizzle,1
hatchling,1
razz,1
followed,1
purple,1
entire,1
December,1
sudden,1
slither,1
combed,1
patrol,1
epic,1
vital,1
window,1
pocket,1
project,1
goofy,1
remember,1
travel,1
cranky,1
career,1
disease,1
trophy,1
theater,1
 OR theatre,1
athlete,1
jotted,1
swirled,1
amount,1
sighed,1
sheen,1
worse,1
sandwich,1
duo,1
gleaming,1
repress,1
clothes,1
either,1
rely,1
chose,1
belle,1
else,1
picture,1
prepare,1
percent,1
afraid,1
rescue,1
gradual,1
ferocious,1
frequently,1
permission,1
towel,1
sundae,1
ornament,1
rooster,1
scold,1
organza,1
fragile,1
galaxy,1
complaint,1
curries,1
tennis,1
grumbling,1
garlic,1
hula,1
reactionary,1
muscular,1
drizzle,1
accurate,1
studio,1
illusionist,1
genetic,1
levity,1
moisture,1
toughness,1
tasteless,1
astute,1
turtle,1
Pinkerton,1
fortune,1
sluggard,1
bedlam,1
shortfall,1
cowlick,1
opinionated,1
slogan,1
triumphant,1
parenthetic,1
listener,1
guardian,1
dwindled,1
fraught,1
sturdy,1
treadmill,1
originate,1
forfend,1
 OR forefend,1
eavesdrop,1
January,1
scruple,1
moxie,1
winnow,1
incentive,1
admirer,1
emotional,1
chia,1
raspberry,1
bogus,1
recoup,1
bookworm,1
veteran,1
erase,1
handcuffs,1
spinal,1
demolition,1
gargantuan,1
salsa,1
chaotic,1
shrimp,1
mandate,1
turret,1
pigeon,1
satellite,1
parasite,1
favorite,1
OR *favourite,1
cascade,1
dandelion,1
famous,1
pristine,1
golden,1
modesty,1
amphibian,1
jealousy,1
remedial,1
vouch,1
trivia,1
shoulder,1
zebra,1
butterscotch,1
apron,1
beagle,1
kidney,1
wistful,1
raven,1
fructose,1
Amazon,1
companion,1
panorama,1
gimmick,1
flannel,1
cucumber,1
McMansion,1
janitor,1
lionize,1
headdress,1
ludicrous,1
pear,1
system,1
pedigree,1
empty,1
amulet,1
guess,1
magician,1
carrot,1
meteor,1
distraught,1
freight,1
honeybee,1
blemish,1
crumpet,1
blizzard,1
squirm,1
harmonious,1
lawyer,1
valiant,1
purse,1
raisin,1
trumpet,1
bias,1
lettuce,1
shamrock,1
Americana,1
monopolize,1
water,1
marathon,1
omission,1
newbie,1
spreadsheet,1
badger,1
fortification,1
hydra,1
grouse,1
manta,1
astonish,1
fashionista,1
stubble,1
genius,1
nuance,1
stencil,1
penguin,1
freckle,1
blooper,1
misconception,1
lambkin,1
chowder,1
sunflower,1
lambasted,1
volumetric,1
flattery,1
simmer,1
whisk,1
bathtub,1
fantastically,1
failure,1
tolerable,1
mosquito,1
target,1
angora,1
snippet,1
ascribe,1
hodgepodge,1
verbiage,1
nephew,1
imbibe,1
savvy,1
reckon,1
boorish,1
tarmac,1
iteration,1
nurture,1
volcano,1
forensics,1
miraculous,1
trendy,1
permafrost,1
iceberg,1
thawed,1
uncle,1
dawdle,1
mogul,1
troll,1
kindred,1
tantrum,1
science,1
cement,1
venomous,1
plaintiff,1
mayhem,1
thicket,1
gymnastics,1
island,1
peacenik,1
ounce,1
memorandum,1
bother,1
missile,1
munchkin,1
banana,1
furnace,1
foothills,1
tongue,1
caterpillar,1
wasp,1
kudos,1
alpha,1
shebang,1
tibia,1
hazelnut,1
votive,1
lantern,1
mince,1
bubbly,1
graham,1
headlong,1
timber,1
medallion,1
maximum,1
clover,1
casino,1
distinctive,1
mister,1
warning,1
useful,1
difficult,1
mischief,1
talent,1
kiwi,1
publish,1
mutter,1
sedentary,1
divine,1
lexicon,1
bristle,1
daresay,1
owlishly,1
criminal,1
recipient,1
strong,1
canteen,1
aviation,1
lucky,1
rocket,1
reflect,1
scent,1
puzzles,1
scumble,1
extinct,1
jersey,1
trapezoid,1
dillydally,1
haggle,1
sword,1
mastiff,1
cooperate,1
merchandise,1
gauntlet,1
apology,1
carnival,1
buffoonery,1
intellectual,1
tickled,1
domino,1
ignite,1
legacy,1
splurge,1
neigh,1
cabbage,1
erode,1
formalize,1
OR *formalise,1
anyway,1
isolation,1
measly,1
apprehensive,1
zither,1
lamentable,1
brilliant,1
competitive,1
lounge,1
supper,1
explosive,1
cajole,1
bauble,1
happenstance,1
tussle,1
inched,1
dimension,1
ugliness,1
quack,1
spider,1
weather,1
twinge,1
poncho,1
hooligan,1
decade,1
forbidden,1
jumbo,1
mortal,1
bugaboo,1
standard,1
yearn,1
primatologist,1
voluntary,1
furious,1
wombat,1
marginalize,1
swipe,1
eternity,1
imagery,1
pastel,1
twice,1
megahertz,1
gnash,1
knuckle,1
bribery,1
glucose,1
mower,1
campus,1
infant,1
thunderbolt,1
despicable,1
elderly,1
amigo,1
bestow,1
gung ho,1
umbrella,1
synthetic,1
cloying,1
olive,1
truth,1
balderdash,1
infringe,1
interloper,1
routine,1
privacy,1
decision,1
farfetched,1
linen,1
piratical,1
pigsty,1
misery,1
months,1
guffaw,1
caravan,1
culinary,1
boycott,1
calzone,1
bawl,1
circle,1
respect,1
introverted,1
fuddy-duddy,1
pulley,1
Kodiak,1
misinterpret,1
twee,1
holiday,1
indigo,1
forage,1
tooth,1
dauntlessly,1
loathe,1
axle,1
glimmer,1
vacation,1
napkin,1
overrun,1
yellowfin,1
clodhopper,1
crayon,1
bakery,1
porridge,1
eyelet,1
yeti,1
groove,1
estimate,1
cattail,1
paraphrase,1
heartthrob,1
cheek,1
daughter,1
laser,1
invoke,1
upshot,1
climate,1
Yankee,1
dim sum,1
moose,1
cuckoo,1
dilemma,1
outrageous,1
silver,1
fedora,1
wildcat,1
monstrosity,1
sofa,1
eggplant,1
kosher,1
minority,1
default,1
heroic,1
bombard,1
furtive,1
journal,1
tulip,1
myself,1
marine,1
cloudy,1
cricket,1
motto,1
torch,1
pamper,1
pleasant,1
robin,1
historical,1
rules,1
geometric,1
villa,1
midriff,1
teaspoon,1
worrywart,1
developer,1
shopaholic,1
magma,1
briefcase,1
deputy,1
mangrove,1
enfranchise,1
kiln,1
webisode,1
kangaroo,1
Romeo,1
emerge,1
twitchy,1
arrogant,1
normative,1
homework,1
mildew,1
pattern,1
coffee,1
botch,1
receptacle,1
bagpipe,1
bonfire,1
abruptly,1
bushel,1
skedaddle,1
toddler,1
everglades,1
pellet,1
klutz,1
envoy,1
postpone,1
wafer,1
software,1
factoid,1
marvelous,1
OR marvellous,1
evince,1
season,1
horizon,1
arborio,1
cartoon,1
dough,1
emperor,1
utterable,1
leniency,1
frivolous,1
potato,1
wholehearted,1
metadata,1
farewell,1
hypnotic,1
jewel,1
tangible,1
nourish,1
vulpine,1
aloha,1
entrance,1
kindergarten,1
restaurant,1
functionary,1
dodge,1
iota,1
gelato,1
hankering,1
esteem,1
knack,1
satisfactory,1
barefoot,1
trope,1
knock,1
whittle,1
joyful,1
genuine,1
recluse,1
shield,1
tiger,1
romaine,1
migraine,1
oasis,1
navigator,1
humane,1
polenta,1
delicacy,1
noggin,1
background,1
thistle,1
***althorn,1
Spaniel,1
kilt,1
whirlybird,1
Hungary,1
welding,1
aforesaid,1
varnish,1
spindle,1
wheedle,1
whelp,1
yonder,1
riffraff,1
restive,1
various,1
giggle,1
bowie,1
teemed,1
soppiness,1
bask,1
lateral,1
usher,1
prone,1
selfie,1
skydiving,1
memes,1
nuggets,1
frailty,1
sweltering,1
scrounge,1
praise,1
scripture,1
ulna,1
fellowship,1
amass,1
missive,1
jitterbug,1
kennel,1
heavenly,1
shindig,1
melody,1
membership,1
oblong,1
yammer,1
whereas,1
coercive,1
bailif,1
spectral,1
dialect,1
heist,1
avenue,1
pending,1
ewe,1
stagestruck,1
standee,1
sailage,1
yoo-hoo,1
profiteer,1
kernel,1
tawny,1
scalp,1
scrapple,1
nominee,1
martial,1
acumen,1
infirm,1
bleary,1
attitude,1
beseech,1
sunseeker,1
cornily,1
contraction,1
scooter,1
acceptance,1
rugby,1
yippee,1
wand,1
Merlin,1
carnation,1
neaten,1
depose,1
frock,1
camcorder,1
gossip,1
version,1
fluid,1
vlogging,1
diversity,1
spangled,1
barbie,1
delta,1
handyman,1
stewardship,1
gruel,1
groom,1
trice,1
brick,1
privet,1
debunk,1
ballad,1
chide,1
atonement,1
citation,1
hardtack,1
rabid,1
teenagers,1
peat,1
harrowing,1
hobble,1
peddle,1
effortless,1
moped,1
groats,1
Highlands,1
antsy,2
hover,2
billow,2
posh,2
Canada,2
toga,2
bison,2
strum,2
dangerous,2
pluck,2
squid,2
Frisbee,2
teeter,2
chives,2
rallies,2
pastry,2
coveralls,2
ponytail,2
clatter,2
snout,2
tumbling,2
cradle,2
firefly,2
serious,2
banners,2
humor,2
 OR *humour,2
mention,2
spoken,2
record,2
bridge,2
pinpoint,2
wisdom,2
slate,2
drape,2
countless,2
hideout,2
ruins,2
Mexico,2
glazed,2
scanner,2
oncoming,2
flimsy,2
launch,2
rubble,2
tourists,2
laughter,2
window,2
meeting,2
plush,2
helmet,2
whimper,2
bracelet,2
inwardly,2
mobility,2
eddy,2
fanged,2
bough,2
listlessly,2
cautioned,2
flurry,2
glisten,2
accuse,2
drowsy,2
scoff,2
opposite,2
instrument,2
blissfully,2
coarse,2
activists,2
commute,2
cocoa,2
nutrients,2
scarcely,2
stretcher,2
lairs,2
hybrid,2
mustard,2
cruel,2
schedule,2
goblins,2
splutter,2
convince,2
grateful,2
gesture,2
formation,2
previous,2
imposing,2
complicated,2
unnoticed,2
agreement,2
dappled,2
rustle,2
chef,2
crease,2
whales,2
mislead,2
subtitles,2
fragment,2
retreat,2
implore,2
lento,2
Scandinavia,2
haggis,2
dolce,2
opus,2
pedestrian,2
snorkels,2
lullaby,2
FORTRAN,2
tangents,2
expression,2
violin,2
binary,2
semicolon,2
patent,2
incantations,2
treble,2
Baltic,2
ventured,2
deities,2
feta,2
proverb,2
indecipherable,2
podium,2
terraced,2
Aztec,2
laboratory,2
sinister,2
runes,2
ancestors,2
convulsive,2
jasper,2
berth,2
deference,2
detergent,2
sheathed,2
mantle,2
streamlet,2
strait,2
congratulate,2
fountain,2
curtly,2
garish,2
gilded,2
contingent,2
swerve,2
president,2
depths,2
Oregon,2
purpose,2
hexagonal,2
litmus,2
seethe,2
antiquarian,2
phalanges,2
bachelorette,2
frontier,2
unctuous,2
fluoride,2
moorage,2
Minotaur,2
intermezzo,2
edification,2
vacuousness,2
epilepsy,2
importunate,2
recuperation,2
citronella,2
palliative,2
abhorrence,2
personnel,2
vexatious,2
faux,2
sophisticated,2
nebulous,2
genus,2
legionnaire,2
sternutation,2
subcutaneous,2
alacrity,2
choreographer,2
leguminous,2
ceramics,2
mimetic,2
unabated,2
petrifying,2
specimen,2
interlocutor,2
machete,2
dulcet,2
salubrious,2
rotisserie,2
**paneer,2
 OR panir,2
omnibus,2
biscotti,2
calibrate,2
appellation,2
duodenum,2
valorous,2
 OR *valourous,2
isotopic,2
carpal,2
quizzical,2
heliotrope,2
squander,2
prenuptial,2
succulent,2
bedraggled,2
rectitude,2
uranium,2
inundate,2
wunderkind,2
filial,2
wearisome,2
visage,2
fascinator,2
testimony,2
beaucoup,2
banal,2
seismologist,2
spectacles,2
innovator,2
bursary,2
hallowed,2
apogee,2
hiatus,2
freesia,2
exoneration,2
duvet,2
turpitude,2
platitude,2
nobiliary,2
commerce,2
keratitis,2
honorific,2
 OR *honourific,2
kookaburra,2
napoleon,2
superlative,2
oxygenate,2
annihilate,2
sarcophagus,2
surrogate,2
terabyte,2
uncouth,2
onerous,2
macrocosm,2
bulbous,2
umpirage,2
heredity,2
philharmonic,2
endorphin,2
pharmacy,2
fondant,2
cupola,2
herbaceous,2
tentativeness,2
pachinko,2
decrepitude,2
redux,2
dramaturgy,2
murmuration,2
Clydesdale,2
phonics,2
calisthenics,2
obediential,2
odiferous,2
combination,2
torrent,2
arsenic,2
invertebrate,2
**bandanna,2
 OR bandana,2
manipulable,2
axiomatic,2
indefatigable,2
ulterior,2
oligarchy,2
pianola,2
dignify,2
allegiance,2
basaltic,2
scorpion,2
planetarium,2
ecstatic,2
cinnamon,2
pharaoh,2
opponency,2
referendum,2
quaver,2
rabbinic,2
lapel,2
mackerel,2
callow,2
biscuit,2
flourish,2
beatific,2
repository,2
dissipate,2
accomplice,2
kerchief,2
whimsical,2
stamina,2
criteria,2
reprieve,2
consequent,2
contusion,2
mulligan,2
sabermetrics,2
elocution,2
dowager,2
comparison,2
diaphanous,2
agoraphobia,2
buffet,2
tortoise,2
surmountable,2
endure,2
bonobo,2
abrogate,2
effusive,2
primitive,2
fabulist,2
comportment,2
taciturn,2
sophomoric,2
laureate,2
Goliath,2
splenetic,2
legato,2
slovenly,2
aerobics,2
paisley,2
contrariwise,2
petroleum,2
regalia,2
incinerate,2
flagon,2
incoherent,2
tercentenary,2
vituperative,2
churlish,2
luminance,2
adjective,2
elucidate,2
spatula,2
triglycerides,2
stalwart,2
bumptious,2
farcical,2
ghastly,2
parkour,2
fealty,2
perilous,2
steroid,2
gullibility,2
tarantula,2
cantankerous,2
vitriolic,2
crinoline,2
debris,2
armaments,2
versatile,2
subtlety,2
hangar,2
verbena,2
zirconium,2
ventriloquy,2
circumflex,2
calligram,2
eczema,2
theomachy,2
fibula,2
aberration,2
necrotic,2
eminent,2
demographics,2
Jurassic,2
myoglobin,2
frugal,2
achromatic,2
miscible,2
soprano,2
cutis,2
hyrax,2
truncheon,2
educand,2
Realtor,2
billabong,2
bariatrics,2
throughout,2
propulsion,2
assailant,2
charioteer,2
solicit,2
melismatic,2
spurious,2
tempeh,2
statistician,2
ibuprofen,2
injurious,2
anglophile,2
defiant,2
substitute,2
quiddity,2
karst,2
Brigadoon,2
vestibule,2
ballyhooed,2
arpeggio,2
lupine,2
resuscitate,2
approbatory,2
catalepsy,2
labyrinthine,2
notoriety,2
subterranean,2
aubergine,2
jalapeño,2
attributive,2
plutonomy,2
lobotomy,2
assumption,2
entrepreneur,2
besieged,2
placoderm,2
hermitage,2
permutation,2
conference,2
woebegone,2
resplendence,2
aphasia,2
environs,2
celebratory,2
cornucopia,2
prominent,2
archetype,2
travails,2
antipathy,2
leviathan,2
alpaca,2
duress,2
eucalyptus,2
rambunctious,2
ingenuous,2
phonetician,2
macular,2
simpatico,2
adhesion,2
rennet,2
pinnacle,2
avalanche,2
cadge,2
exodus,2
philosophize,2
Requiem,2
glitterati,2
transference,2
uveal,2
candelabrum,2
vacillate,2
phenotype,2
transposable,2
thrasonical,2
trepanation,2
Holstein,2
quadrillion,2
tardigrade,2
varsity,2
scholarship,2
filbert,2
Galahad,2
jadeite,2
peripheral,2
elevator,2
chaperonage,2
frittata,2
vandalize,2
chancellor,2
pauper,2
epoch,2
dumbwaiter,2
allergenic,2
vocabulary,2
vassal,2
panary,2
tangerine,2
pervasive,2
haphazard,2
legislature,2
shenanigans,2
inclusion,2
physicists,2
tempura,2
reggae,2
futility,2
untenable,2
feudalism,2
malevolent,2
posada,2
acquiesce,2
apothecary,2
summary,2
brogue,2
suet,2
koto,2
jingoism,2
satchel,2
evanescent,2
diverge,2
exemplar,2
marsupial,2
trefoil,2
designer,2
leisure,2
vague,2
wharf,2
altercation,2
fratority,2
cataclysmic,2
metatarsal,2
bereavement,2
carbohydrates,2
sesame,2
palatable,2
gratis,2
nonvolatile,2
juvenilia,2
fomentation,2
reprisal,2
astrobleme,2
sabotage,2
absolution,2
phosphorescent,2
anxiety,2
conch,2
singultus,2
impromptu,2
oracle,2
condemn,2
scenographer,2
neuroticism,2
cannoli,2
platoon,2
solstice,2
swannery,2
probative,2
oblique,2
buoyancy,2
situation,2
lumbar,2
topiary,2
reverberant,2
yeanling,2
homicide,2
graphologist,2
principality,2
Nostradamus,2
taxonomic,2
beret,2
talisman,2
impecunious,2
reciprocity,2
molecule,2
millennial,2
ineffable,2
abnegation,2
beguile,2
centenary,2
matrimony,2
errata,2
stipulate,2
naïveté,2
 OR naiveté,2
cadence,2
fido,2
vehicular,2
sabbatical,2
ermine,2
pugilist,2
tapioca,2
festooned,2
tectonic,2
wizened,2
tomfoolery,2
harrumph,2
embezzlement,2
fallacy,2
asylum,2
remuneration,2
expostulate,2
integument,2
Hebrides,2
macaw,2
perspicacious,2
reimbursable,2
jambalaya,2
geriatric,2
striation,2
Appaloosa,2
ramifications,2
temerity,2
egress,2
geocaching,2
instigate,2
obscure,2
transcription,2
muchacha,2
steppe,2
palpitant,2
nonchalance,2
realm,2
estuary,2
technician,2
dietetic,2
homage,2
cumulus,2
essential,2
seraphic,2
cameist,2
scrumptiously,2
toploftical,2
noctambulist,2
visibility,2
ligament,2
plenitude,2
illustrious,2
symmetrical,2
pendulous,2
analepsis,2
mitigative,2
pyrite,2
sacrifice,2
consternation,2
escalator,2
impasto,2
antagonistic,2
affront,2
element,2
desolate,2
truncate,2
pedicure,2
**caftan,2
 OR kaftan,2
ingratiate,2
sousaphone,2
amalgam,2
carnage,2
turmeric,2
zoolatry,2
ricochet,2
hackneyed,2
vespertine,2
**brusque,2
 OR brusk,2
erstwhile,2
lolled,2
osteopath,2
kaiser,2
imperious,2
Egyptian,2
foible,2
lousicide,2
ewer,2
curfew,2
schism,2
dilapidated,2
peony,2
urgency,2
bifurcate,2
drivel,2
jettison,2
Promethean,2
embassy,2
contemptuous,2
okapi,2
welterweight,2
scrooge,2
morose,2
osmosis,2
flimflammer,2
astringent,2
mademoiselle,2
nouveau,2
heterochromia,2
consul,2
hermetically,2
excursion,2
dreadlocks,2
theriatrics,2
cumbersome,2
affluent,2
chastise,2
colic,2
atomic,2
fêng shui,2
acuity,2
subliminal,2
charismatic,2
phoenix,2
bastion,2
edamame,2
porcelain,2
deglaciation,2
recruit,2
tableau,2
sheldrake,2
suitable,2
cenotaph,2
Plumeria,2
perpetrator,2
cinematic,2
wallaby,2
contrivance,2
suffrage,2
thyme,2
phlebotomy,2
anemic,2
 OR anaemic,2
depravity,2
effervescent,2
soirée,2
 OR soiree,2
churros,2
diadem,2
larceny,2
acetaminophen,2
parochial,2
earnestly,2
**gaffe,2
 OR gaf,2
ingot,2
nubuck,2
jocularity,2
unfurl,2
calculator,2
corduroy,2
encore,2
hollyhock,2
qualms,2
mosaic,2
centipede,2
attendee,2
nomenclature,2
botany,2
Holocaust,2
augment,2
acoustic,2
eruption,2
auburn,2
virtually,2
glissando,2
stomach,2
demonstrative,2
megalomaniac,2
posse,2
declension,2
berserk,2
cathedral,2
deciduous,2
baleen,2
Einstein,2
municipal,2
adversaria,2
turbinado,2
brethren,2
tympanum,2
fisticuffs,2
propinquity,2
epidermis,2
carriage,2
abstemious,2
echinoderm,2
optimum,2
pathogen,2
acrostic,2
anthropology,2
cruciferous,2
macchiato,2
ancillary,2
toile,2
plaudits,2
serenade,2
heptad,2
engineer,2
pilcrow,2
porosity,2
tandoori,2
succumb,2
fervently,2
divestiture,2
roseola,2
installation,2
harbinger,2
raptatorial,2
sobriety,2
manumit,2
dentifrice,2
collegiality,2
inclement,2
celery,2
idiosyncratic,2
burgoo,2
occupancy,2
coriander,2
amnesty,2
condensation,2
aqueduct,2
ferret,2
widdershins,2
hostile,2
subsequent,2
whet,2
blatant,2
pyramid,2
terminus,2
agitation,2
tremulous,2
scythe,2
duplicitous,2
protectorate,2
placards,2
corral,2
credulity,2
dissonance,2
shoji,2
auditorium,2
reconcilable,2
evaluate,2
mastodon,2
denticulate,2
supplicate,2
torsion,2
justiciable,2
vernal,2
aardvark,2
census,2
stagflation,2
brontophobia,2
macrobiotics,2
glareous,2
rejuvenate,2
tubular,2
dodecahedron,2
rictus,2
vengeance,2
modular,2
kleptocrat,2
neuropathy,2
surrealist,2
secession,2
digression,2
intricate,2
annotate,2
vehemence,2
fervorous,2
septennial,2
hypotenuse,2
emancipatory,2
supine,2
fracas,2
disrepair,2
photogenic,2
rehearsal,2
irritability,2
vainglorious,2
ataxia,2
pageantry,2
vinegar,2
fiduciary,2
emulsify,2
lorikeet,2
malfeasance,2
sequential,2
intersperse,2
numerology,2
Paleozoic,2
funnel,2
syndicate,2
chrysalis,2
bethesda,2
cartilage,2
coeval,2
curio,2
ombudsman,2
hydrant,2
zeppelin,2
superficiality,2
marooned,2
**volary,2
 OR volery,2
follicle,2
brochure,2
grotesqueness,2
privatim,2
eradicate,2
krypton,2
ethanol,2
quadriceps,2
tachycardia,2
triceratops,2
sandal,2
pashmina,2
utilitarian,2
millivolt,2
herringbone,2
orchestra,2
phlox,2
tractability,2
montage,2
compendium,2
unmoored,2
yardang,2
fluctuation,2
flabbergast,2
accolade,2
connivery,2
impresario,2
bruschetta,2
dictum,2
premonition,2
stereotypical,2
bergamot,2
telepathic,2
banquet,2
upbraid,2
pancreas,2
expunge,2
cladding,3
scallion,3
stealthily,3
warden,3
copious,3
hurtle,3
fester,3
intoxicating,3
outlandish,3
porcupine,3
lurching,3
ineffective,3
trough,3
parchment,3
leach,3
wrath,3
corporate,3
propane,3
dissuade,3
profusion,3
appalling,3
divulge,3
meditation,3
franchise,3
pretentious,3
embellishes,3
appropriate,3
rummages,3
constricting,3
inevitable,3
engrossed,3
strife,3
hindmost,3
eviction,3
protruding,3
substantial,3
hooey,3
blight,3
fronds,3
authority,3
minimize,3
 OR *minimise,3
**flamingos,3
 OR flamingoes,3
mechanics,3
bankrupt,3
insurance,3
dismayed,3
offspring,3
pillage,3
anguish,3
increments,3
Odin,3
parishioner,3
astrologers,3
devout,3
shrike,3
Vancouver,3
conjure,3
stalagmite,3
traitorous,3
condominium,3
impenetrable,3
intercede,3
defector,3
livery,3
scuttlebutt,3
battalion,3
chalet,3
Lutheran,3
roiling,3
psychiatrist,3
disconcerting,3
Jesuit,3
fodder,3
sinuously,3
irreversible,3
barricade,3
moustache,3
 OR mustache,3
unprepossessing,3
bipolar,3
torpid,3
featherbrained,3
immoderate,3
arrayed,3
countenance,3
scepter,3
 OR *sceptre,3
scourge,3
irreverent,3
apparition,3
dosages,3
superintendent,3
exhalation,3
discord,3
clamorous,3
grimaces,3
inheritance,3
plumage,3
epaulet,3
 OR epaulette,3
propound,3
chauffeurs,3
disconsolate,3
testosterone,3
minivets,3
proscenium,3
politesse,3
chanteuse,3
arrondissement,3
carabinieri,3
tamarisk,3
liana,3
sibilant,3
au revoir,3
bitumen,3
sacristy,3
Salzkammergut,3
frisson,3
Aachen,3
oriole,3
Ganges,3
niagara,3
carrion,3
samosas,3
chalice,3
necromancer,3
proffered,3
colonel,3
subaltern,3
Etruscan,3
cloisters,3
redound,3
Benedictine,3
arcane,3
soleil,3
copse,3
scabbard,3
courtiers,3
assuage,3
adjutant,3
inexorably,3
disgorged,3
Algiers,3
primavera,3
souterrain,3
knickerbockers,3
litany,3
unsullied,3
Carthusian,3
**maharaja,3
 OR maharajah,3
**Upanishads,3
 OR Upanisads,3
arret,3
marquee,3
imaret,3
cornichon,3
devastavit,3
Mediterranean,3
longevous,3
digerati,3
solecism,3
hypertrophy,3
ravigote,3
inchoate,3
judoka,3
vaccary,3
Adelaide,3
unwonted,3
tazza,3
damson,3
pelisse,3
succade,3
tumulus,3
dorsiflexor,3
profiterole,3
valetudinary,3
aristoi,3
vireo,3
rococo,3
lachsschinken,3
wakame,3
bathos,3
nihilism,3
ustion,3
sumpsimus,3
morel,3
abeyance,3
rongeur,3
mountebank,3
allelopathy,3
capoeira,3
agnolotti,3
ballabile,3
draegerman,3
prescient,3
Fribourg,3
proselytizer,3
OR *proselytiser,3
tenon,3
nubilous,3
iatrogenic,3
onychitis,3
roux,3
tuatara,3
chicle,3
sulcus,3
thalamus,3
gyttja,3
jibboom,3
vestigial,3
Orwellian,3
gimbaled,3
 OR gimballed,3
cabaletta,3
hesped,3
umami,3
persiflage,3
toreador,3
vermicelli,3
frangipane,3
reseau,3
moulage,3
interpellate,3
genuflect,3
cinerarium,3
polemic,3
paladin,3
totipotency,3
agnomen,3
Bauhaus,3
sacerdotal,3
skeuomorph,3
binturong,3
mamushi,3
lipophilic,3
codicil,3
coulomb,3
violaceous,3
Rorschach,3
arthralgia,3
desman,3
jacaranda,3
huapango,3
predilection,3
entomophagy,3
paronomasia,3
facsimile,3
renminbi,3
interferon,3
sedulous,3
velouté,3
Aesopian,3
frigate,3
enoptromancy,3
satiety,3
perorate,3
danseur,3
chevalier,3
taurine,3
hierurgical,3
melee,3
emolument,3
ikebana,3
exaugural,3
gaillardia,3
caryatid,3
heliacal,3
schefflera,3
contrapposto,3
temblor,3
insouciance,3
catarrh,3
quattrocento,3
millegrain,3
canaille,3
verisimilitude,3
Keynesian,3
akaryote,3
azulejo,3
hauberk,3
bouillon,3
tarpaulin,3
cephalopod,3
pulchritude,3
pekoe,3
patois,3
Rubicon,3
bourgeois,3
aerophilatelic,3
ankh,3
contumelious,3
vicissitudes,3
lilliputian,3
Sbrinz,3
kathakali,3
cozen,3
oxalis,3
myeloma,3
lebensraum,3
mufti,3
dirigible,3
surcease,3
ascetic,3
oolite,3
revanche,3
megrims,3
podagra,3
palaver,3
luthier,3
yttriferous,3
vermeil,3
Ouagadougou,3
bibliopegist,3
plagiarism,3
holobenthic,3
boutonniere,3
anodyne,3
saccharide,3
boulevardier,3
quokka,3
lidocaine,3
contretemps,3
a posteriori,3
scaberulous,3
anaglyphy,3
reconnoiter,3
OR reconnoitre,3
realpolitik,3
colloque,3
onychorrhexis,3
paraffin,3
vigneron,3
tannined,3
spiedini,3
anhinga,3
jai alai,3
Rastafarian,3
succussion,3
avifauna,3
joropo,3
toxicosis,3
colporteur,3
 OR colporter,3
agitprop,3
Achernar,3
cassock,3
meringue,3
mackinaw,3
sambal,3
yuloh,3
hermeneutics,3
tikkun,3
macaque,3
lassitude,3
grison,3
phulkari,3
garrulous,3
paroxysm,3
communiqué,3
Chantilly,3
jacquard,3
sorghum,3
guilloche,3
appositive,3
dirndl,3
latke,3
martinet,3
asterion,3
hypallage,3
solenoid,3
veridical,3
threnody,3
Jacobean,3
ballotage,3
ocotillo,3
dubitante,3
disciform,3
mizuna,3
trichotillomania,3
huipil,3
mustelid,3
prestidigitation,3
soupçon,3
diphtheria,3
bdelloid,3
nugatory,3
commorients,3
immiscible,3
toroidal,3
bialy,3
appurtenances,3
corsair,3
zabaglione,3
velamen,3
sporran,3
clematis,3
kente,3
ranine,3
riparian,3
**accoutrement,3
OR accouterment,3
radicchio,3
dudgeon,3
nitid,3
Basenji,3
concinnate,3
Stradivarius,3
synecdoche,3
tulsi,3
sebaceous,3
papeterie,3
litigious,3
phytophilous,3
meunière,3
hilum,3
fanfaronade,3
malachite,3
urticaria,3
capsaicin,3
ptosis,3
pejerrey,3
horologist,3
speleothem,3
euripus,3
samarium,3
variscite,3
bolide,3
vervain,3
chanoyu,3
hamadryad,3
calumny,3
escabeche,3
ad hominem,3
oubliette,3
béchamel,3
repoussage,3
otacoustic,3
naranjilla,3
elegiac,3
pâtissier,3
 OR patissier,3
Yeatsian,3
surfeit,3
limicolous,3
girandole,3
googol,3
étagère,3
anechoic,3
leonine,3
laulau,3
Gruyère,3
proprioceptive,3
oppugn,3
macropterous,3
euphonious,3
retinoscopy,3
sepulchral,3
sangfroid,3
pasilla,3
maringouin,3
argot,3
vicenary,3
ajimez,3
pompeii,3
oviparous,3
mangonel,3
coalescence,3
Plantagenet,3
bauxite,3
kakapo,3
pelagial,3
ague,3
largesses,3
fulgent,3
olecranon,3
toreutics,3
mascarpone,3
rissole,3
seneschal,3
pinniped,3
wahine,3
grissino,3
coterie,3
sylph,3
katsura,3
diastole,3
mediobrome,3
demurrage,3
tristeza,3
trigeminal,3
bruja,3
upsilon,3
sakura,3
buccal,3
zocalo,3
**aficionado,3
OR afficionado,3
piscivorous,3
benison,3
gagaku,3
amygdala,3
scurrilous,3
flèche,3
tetrachoric,3
sforzando,3
thalassic,3
frazil,3
rapprochement,3
glacis,3
ahimsa,3
kanji,3
weltschmerz,3
jalousie,3
ichthyology,3
pruritus,3
dactylic,3
affogato,3
scrivener,3
dysrhythmia,3
dragée,3
choucroute,3
hsaing-waing,3
stevedore,3
harangue,3
niveau,3
rouille,3
rescissible,3
Jungian,3
Groenendael,3
facile,3
chrysolite,3
execrable,3
hangul,3
cartouches,3
Nicoise,3
 OR Niçoise,3
julienne,3
moiety,3
pastitsio,3
modiste,3
deuterium,3
Icarian,3
pappardelle,3
Sahel,3
bibelot,3
telegnosis,3
loupe,3
oleiculture,3
**loess,3
Feldenkrais,3
bailiwick,3
bozzetto,3
coiffure,3
repartee,3
chimera,3
OR *chimaera,3
avgolemono,3
exiguous,3
presentient,3
renvoi,3
kichel,3
semaphore,3
gambol,3
angiitis,3
Teutonic,3
Conestoga,3
zeitgeist,3
heinousness,3
nacelle,3
rupicolous,3
Pythagorean,3
kepi,3
**bulgur,3
OR bulghur,3
ushabti,3
puchero,3
nival,3
ascites,3
Véronique,3
 OR Veronique,3
planetesimal,3
taoiseach,3
obeisant,3
whippoorwill,3
Ficus,3
agelicism,3
subrident,3
ethylene,3
flaneur,3
Ponzi,3
teneramente,3
styptic,3
sopapilla,3
nictitate,3
boutade,3
towhee,3
escritoire,3
affenpinscher,3
gudgeon,3
beaumontage,3
galoot,3
desiccate,3
aporia,3
moraine,3
hirsute,3
shubunkin,3
hepatectomy,3
bloviate,3
seine,3
galapago,3
au courant,3
crepuscular,3
theca,3
croustade,3
kipuka,3
noumenon,3
chicanery,3
vilipend,3
vitiate,3
spodumene,3
leberwurst,3
daguerreotype,3
yakitori,3
pejorate,3
Aitutakian,3
parterre,3
rondeau,3
atlatl,3
allochroous,3
ennui,3
caisson,3
cheongsam,3
graticule,3
gyascutus,3
cygnet,3
supercilious,3
dysphasia,3
kugel,3
topazolite,3
trompe l’oeil,3
ailette,3
fetticus,3
rocaille,3
couverture,3
lemniscus,3
ad nauseam,3
ganache,3
sauger,3
kanban,3
toccata,3
pertinacity,3
gasthaus,3
transmontane,3
laterigrade,3
hyssop,3
naumachia,3
focaccia,3
pahoehoe,3
Kjeldahl,3
rubefacient,3
halcyon,3
corrigenda,3
Zanni,3
nonage,3
beurre,3
jicama,3
sturnine,3
octonocular,3
parallax,3
antenatus,3
trouvaille,3
glazier,3
kinesiology,3
exogenous,3
aniseikonia,3
guayabera,3
realgar,3
anaphylaxis,3
bobolink,3
diluent,3
urushiol,3
andouille,3
otiose,3
megacephalic,3
souchong,3
poltroon,3
Freudian,3
floruit,3
Bunyanesque,3
exsect,3
champignon,3
bahuvrihi,3
panjandrum,3
catachresis,3
tiffin,3
colcannon,3
tournedos,3
ormolu,3
blottesque,3
consommé,3
OR consomme,3
ullage,3
zortzico,3
teratism,3
flagellum,3
panegyric,3
hoi polloi,3
sirenian,3
nescience,3
blatherskite,3
consigliere,3
adiabatic,3
camembert,3
ecchymosis,3
oppidan,3
decastich,3
Naugahyde,3
lefse,3
beccafico,3
amphistylar,3
saturnine,3
zaibatsu,3
titian,3
tokonoma,3
unguiculate,3
amaryllis,3
reveille,3
regnal,3
attaché,3
rafflesia,3
ranunculus,3
pistou,3
scintillation,3
Bolognese,3
farrago,3
coup de grace,3
tourelle,3
notturno,3
ginglymus,3
hemorrhage,3
tapetum,3
golem,3
krewe,3
toque,3
avuncular,3
habiliments,3
rubato,3
gentilitial,3
obnebulate,3
allonym,3
croquembouche,3
Keplerian,3
codswallop,3
hauteur,3
camarilla,3
nidicolous,3
oxyacetylene,3
queue,3
hellebore,3
transhumance,3
phloem,3
lacustrine,3
ageusia,3
pillor,3
deleterious,3
ikat,3
pylorus,3
erythroblast,3
maillot,3
epenthesis,3
hinoki,3
nonpareil,3
nyctinasty,3
pointelle,3
vinaigrette,3
tinnient,3
aioli,3
pochoir,3
glyceraldehyde,3
hagiographer,3
syncope,3
icosahedron,3
goanna,3
wassail,3
ammonite,3
tanager,3
pneumatocyst,3
fortissimo,3
portmanteau,3
coaxation,3
ardoise,3
farouche,3
farfalle,3
ogival,3
stretto,3
coccygeal,3
Diplodocus,3
tachyon,3
piccata,3
isagoge,3
élan,3
breviloquence,3
kalimba,3
illative,3
betony,3
bêtise,3
transience,3
frison,3
flavedo,3
maquillage,3
mortadella,3
stanchion,3
spirulina,3
eleemosynary,3
force majeure,3
ossicle,3
anemone,3
alpargata,3
disembogue,3
luculent,3
expatiate,3
xerogel,3
vizierial,3
crescive,3
tryptophan,3
neophyte,3
buffa,3
clavichord,3
de rigueur,3
secant,3
comanchero,3
meiosis,3
gules,3
nimiety,3
lokelani,3
psoriasis,3
bavardage,3
coulibiac,3
xyloglyphy,3
Aramaic,3
anathema,3
basilica,3
rajpramukh,3
Chalcolithic,3
rinceau,3
filar,3
bhangra,3
risorgimento,3
agalma,3
analgesia,3
dengue,3
cantatrice,3
emollient,3
parquet,3
dhurrie,3
lapidary,3
cachexia,3
connoisseur,3
ferruginous,3
gendarme,3
demulcent,3
goosander,3
kwashiorkor,3
lecithin,3
cetology,3
plenipotentiary,3
foudroyant,3
sesquipedalian,3
expugnable,3
profligacy,3
yosenabe,3
funori,3
piloncillo,3
xiphias,3
étouffée,3
 OR etouffee,3
degauss,3
tussock,3
lanolated,3
linnet,3
embouchure,3
plangency,3
apocryphal,3
tamarack,3
puerilely,3
obloquy,3
dhole,3
**budgerigar,3
OR budgereegah,3
OR budgerygah,3
outré,3
ululate,3
sororal,3
epideictic,3
embolus,3
caveola,3
farina,3
heuristic,3
nudibranch,3
triquetra,3
paramahamsa,3
duello,3
fjeld,3
tomography,3
effleurage,3
chastushka,3
bergère,3
Erewhonian,3
rhyton,3
orogeny,3
Pepysian,3
esplanade,3
gesellschaft,3
tamari,3
arenaceous,3
panettone,3
tmesis,3
clerihew,3
tsukupin,3
katakana,3
Parmentier,3
rugose,3
brume,3
hiortdahlite,3
extravasate,3
incunabula,3
cordillera,3
zazen,3
cabochon,3
après,3
zydeco,3
consanguine,3
bibimbap,3
aquiclude,3
demitasse,3
tomalley,3
bouffant,3
bas-relief,3
rhizome,3
Wensleydale,3
erubescent,3
estovers,3
rembrandt,3
bonspiel,3
hackamore,3
blancmange,3
simulacrum,3
cnidarian,3
capotasto,3
Panagia,3
nockerl,3
rhabdoid,3
foley,3
syzygy,3
Beethovenian,3
tatterdemalion,3
susurrus,3
**bienvenue,3
OR bienvenu,3
potwalloper,3
kaffeeklatsch,3
peregrination,3
paraquat,3
prana,3
sinciput,3
abattoir,3
glossopetrae,3
diktat,3
llanero,3
Machiavellian,3
glaucomatous,3
haori,3
rheostat,3
hariolation,3
thylacine,3
cenote,3
griffonage,3
fossiliferous,3
calefacient,3
obdurate,3
nunchaku,3
senryu,3
cormorant,3
gnomon,3
pinetum,3
brucellosis,3
wasteweir,3
diamanté,3
sphygmometer,3
**kibitzer,3
OR kibbitzer,3
auteur,3
labefaction,3
ibidem,3
estival,3
 OR aestival,3
loup-garou,3
empennage,3
lysozyme,3
grimthorpe,3
thaumaturge,3
pinioned,3
fouetté,3
venenate,3
badinage,3
saccadic,3
mignonette,3
coadjutor,3
chiffonade,3
haricot,3
Luddite,3
wickiup,3
nisse,3
impugn,3
brouillon,3
derecho,3
solipsist,3
sinophile,3
harmattan,3
**incarnadine,3
OR encarnadine,3
dulcinea,3
nainsook,3
querida,3
paillard,3
gazoz,3
Glaswegian,3
stannum,3
putsch,3
tralatitious,3
denouement,3
hortatory,3
maquette,3
obliviscence,3
autophagy,3
Airedale,3
potager,3
malleolus,3
*** marcel,3
croquignole,3
dolmen,3
griot,3
vexillologist,3
**halala,3
 OR halalah,3
corybantic,3
chasuble,3
furuncle,3
pongee,3
acoel,3
acral,3
Koine,3
weka,3
haplography,3
Tchefuncte,3
becquerel,3
darnel,3
giallolino,3
krausen,3
Castalia,3
nahcolite,3
telamon,3
uraeus,3
teledu,3
gattine,3
mele,3
Marathi,3
nuciform,3
grandrelle,3
bordereaux,3
rambla,3
tullibee,3
guichet,3
Guarnerius,3
unakite,3
azotea,3
gabbro,3
gegenschein,3
hebdomadal,3
gypsophila,3
koh-i-noor,3
nocive,3
cataphora,3
blastema,3
trochee,3
diapason,3
deliquesce,3
aperçu,3
cioppino,3
inglenook,3
efflux,3
frugivore,3
lobscouse,3
senecio,3
jasmone,3
hawok,3
fructiferous,3
martinoe,3
lierre,3
porwigle,3
portugais,3
ligas,3
Osloite,3
sciolistic,3
seraya,3
janthina,3
Skeltonic,3
balata,3
balbriggan,3
affeer,3
pomology,3
Svengali,3
escheator,3
dogana,3
toorie,3
exchequer,3
habeas corpus,3
kerril,3
pudibund,3
toril,3
ryas,3
terai,3
gabarit,3
guerite,3
gallivat,3
charcuterie,3
zugzwang,3
triskelion,3
crokinole,3
anicca,3
batamote,3
yabbies,3
salmagundi,3
 OR salmagundy,3
**hutia,3
 OR jutia,3
Deseret,3
Djibouti,3
Tegucigalpa,3
Llullaillaco,3
Pyxis,3
